1, Rick, 623.3, 2012-01-01, IT
2, Dan, 623.4, 2012-01-02, Operations
3, Ram, 622.3, 2013-05-01, IT
4, Mick, 523.3, 2022-01-29, HR
1, Rick, 623.3, 2012-01-01, IT
2, Dan, 623.4, 2012-01-02, Operations
3, Ram, 622.3, 2013-05-01, IT
4, Mick, 523.3, 2022-01-29, HR
1, Rick, 623.3, 2012-01-01, IT
2, Dan, 623.4, 2012-01-02, Operations
3, Ram, 622.3, 2013-05-01, IT
4, Mick, 523.3, 2022-01-29, HR
1, Rick, 623.3, 2012-01-01, IT
2, Dan, 623.4, 2012-01-02, Operations
3, Ram, 622.3, 2013-05-01, IT
4, Mick, 523.3, 2022-01-29, HR
